dataset,homophily,samples,baseline_fidelity_plus_mean,baseline_fidelity_plus_std,baseline_fidelity_minus_mean,baseline_fidelity_minus_std,baseline_sparsity_mean,baseline_sparsity_std,novel_fidelity_plus_mean,novel_fidelity_plus_std,novel_fidelity_minus_mean,novel_fidelity_minus_std,novel_sparsity_mean,novel_sparsity_std,fidelity_plus_gap
dataset_homophily_0.10.pt,0.1,50,0.08,0.2712931993250107,0.0,0.0,0.9936363636655733,0.0033716246406808397,0.08,0.2712931993250107,0.0,0.0,0.9973376623447985,0.003999704863117804,0.0
dataset_homophily_0.30.pt,0.3,50,0.1,0.3,0.04,0.19595917942265428,0.9951740139443427,0.004107187311392071,0.1,0.3,0.02,0.13999999999999999,0.9976566125499085,0.0036647917495555675,0.0
dataset_homophily_0.50.pt,0.5,50,0.02,0.13999999999999999,0.0,0.0,0.9969791665673255,0.0019235610117565817,0.02,0.13999999999999999,0.0,0.0,0.9992499999678693,0.0012332207585779983,0.0
dataset_homophily_0.70.pt,0.7,50,0.12,0.32496153618543844,0.0,0.0,0.9947233202122152,0.004019249744879688,0.16,0.36660605559646714,0.0,0.0,0.9967588932719081,0.003617410674373584,0.04000000000000001
dataset_homophily_0.90.pt,0.9,50,0.04,0.19595917942265428,0.0,0.0,0.9957399999839254,0.0035542086944268295,0.04,0.19595917942265428,0.0,0.0,0.997699999997858,0.003151190227948903,0.0
