dataset,homophily,samples,baseline_fidelity_plus_mean,baseline_fidelity_plus_std,baseline_fidelity_minus_mean,baseline_fidelity_minus_std,baseline_sparsity_mean,baseline_sparsity_std,novel_fidelity_plus_mean,novel_fidelity_plus_std,novel_fidelity_minus_mean,novel_fidelity_minus_std,novel_sparsity_mean,novel_sparsity_std,fidelity_plus_gap
dataset_homophily_0.10.pt,0.1,50,0.2,0.4,0.02,0.13999999999999999,0.992467532500159,0.00498522015753316,0.18,0.38418745424597095,0.02,0.13999999999999999,0.9962987013300881,0.005423535798685356,-0.020000000000000018
dataset_homophily_0.30.pt,0.3,50,0.08,0.2712931993250107,0.0,0.0,0.9959164733672514,0.0036111510373141426,0.08,0.2712931993250107,0.02,0.13999999999999999,0.9979350348515436,0.003863579241587398,0.0
dataset_homophily_0.50.pt,0.5,50,0.02,0.13999999999999999,0.0,0.0,0.9967291665729135,0.002447451216133998,0.02,0.13999999999999999,0.0,0.0,0.9989583332976326,0.002093724134377449,0.0
dataset_homophily_0.70.pt,0.7,50,0.1,0.3,0.0,0.0,0.9949407114693894,0.003466337781854458,0.1,0.3,0.0,0.0,0.9969565217662603,0.003252414420067095,0.0
dataset_homophily_0.90.pt,0.9,50,0.1,0.3,0.0,0.0,0.9952999999653548,0.00407553675534995,0.1,0.3,0.0,0.0,0.9973599999770522,0.003782908922589881,0.0
